Workbook

Sheet Szabaly
A1: Környezet | B1: FFF | C1: FFS | D1: FSF | E1: FSS | F1: SFF | G1: SFS | H1: SSF | I1: SSS
A2: A sejt következő állapota | B2: F | C2: S | D2: S | E2: F | F2: F | G2: S | H2: F | I2: S
B3: S | C3: S | D3: F | E3: F | F3: F | G3: S | H3: S | I3: F
B4: 0 | C4: 0 | D4: 1 | E4: 1 | F4: 1 | G4: 0 | H4: 0 | I4: 1

Sheet Szimuláció
A1: S | B1: S | C1: S | D1: S | E1: S | F1: S | G1: S | H1: S | I1: S | J1: S | K1: S | L1: S | M1: S | N1: S | O1: S | P1: S | Q1: S | R1: S | S1: S | T1: S | U1: S | V1: S | W1: S | X1: S | Y1: S | Z1: S | AA1: S | AB1: S | AC1: S | AD1: F | AE1: S | AF1: S | AG1: S | AH1: S | AI1: S | AJ1: S | AK1: S | AL1: S | AM1: S | AN1: S | AO1: S | AP1: S | AQ1: S | AR1: S | AS1: S | AT1: S | AU1: S | AV1: S | AW1: S | AX1: S | AY1: S | AZ1: S | BA1: S | BB1: S | BC1: S | BD1: S | BE1: S | BF1: S | BG1: S | BH1: S
A2: S | B2: =INDEX(Szabaly!$B$2:$I$2,1,MATCH(A1&B1&C1,Szabaly!$B$1:$I$1,0)) -> S | C2: =INDEX(Szabaly!$B$2:$I$2,1,MATCH(B1&C1&D1,Szabaly!$B$1:$I$1,0)) -> S | D2: =INDEX(Szabaly!$B$2:$I$2,1,MATCH(C1&D1&E1,Szabaly!$B$1:$I$1,0)) -> S | E2: =INDEX(Szabaly!$B$2:$I$2,1,MATCH(D1&E1&F1,Szabaly!$B$1:$I$1,0)) -> S | F2: =INDEX(Szabaly!$B$2:$I$2,1,MATCH(E1&F1&G1,Szabaly!$B$1:$I$1,0)) -> S | G2: =INDEX(Szabaly!$B$2:$I$2,1,MATCH(F1&G1&H1,Szabaly!$B$1:$I$1,0)) -> S | H2: =INDEX(Szabaly!$B$2:$I$2,1,MATCH(G1&H1&I1,Szabaly!$B$1:$I$1,0)) -> S | I2: =INDEX(Szabaly!$B$2:$I$2,1,MATCH(H1&I1&J1,Szabaly!$B$1:$I$1,0)) -> S | ... BG2: =INDEX(Szabaly!$B$2:$I$2,1,MATCH(BF1&BG1&BH1,Szabaly!$B$1:$I$1,0)) -> S | BH2: S
A3: S | B3: =INDEX(Szabaly!$B$2:$I$2,1,MATCH(A2&B2&C2,Szabaly!$B$1:$I$1,0)) -> S | C3: =INDEX(Szabaly!$B$2:$I$2,1,MATCH(B2&C2&D2,Szabaly!$B$1:$I$1,0)) -> S | D3: =INDEX(Szabaly!$B$2:$I$2,1,MATCH(C2&D2&E2,Szabaly!$B$1:$I$1,0)) -> S | E3: =INDEX(Szabaly!$B$2:$I$2,1,MATCH(D2&E2&F2,Szabaly!$B$1:$I$1,0)) -> S | F3: =INDEX(Szabaly!$B$2:$I$2,1,MATCH(E2&F2&G2,Szabaly!$B$1:$I$1,0)) -> S | G3: =INDEX(Szabaly!$B$2:$I$2,1,MATCH(F2&G2&H2,Szabaly!$B$1:$I$1,0)) -> S | H3: =INDEX(Szabaly!$B$2:$I$2,1,MATCH(G2&H2&I2,Szabaly!$B$1:$I$1,0)) -> S | I3: =INDEX(Szabaly!$B$2:$I$2,1,MATCH(H2&I2&J2,Szabaly!$B$1:$I$1,0)) -> S | ... BG3: =INDEX(Szabaly!$B$2:$I$2,1,MATCH(BF2&BG2&BH2,Szabaly!$B$1:$I$1,0)) -> S | BH3: S
A4: S | B4: =INDEX(Szabaly!$B$2:$I$2,1,MATCH(A3&B3&C3,Szabaly!$B$1:$I$1,0)) -> S | C4: =INDEX(Szabaly!$B$2:$I$2,1,MATCH(B3&C3&D3,Szabaly!$B$1:$I$1,0)) -> S | D4: =INDEX(Szabaly!$B$2:$I$2,1,MATCH(C3&D3&E3,Szabaly!$B$1:$I$1,0)) -> S | E4: =INDEX(Szabaly!$B$2:$I$2,1,MATCH(D3&E3&F3,Szabaly!$B$1:$I$1,0)) -> S | F4: =INDEX(Szabaly!$B$2:$I$2,1,MATCH(E3&F3&G3,Szabaly!$B$1:$I$1,0)) -> S | G4: =INDEX(Szabaly!$B$2:$I$2,1,MATCH(F3&G3&H3,Szabaly!$B$1:$I$1,0)) -> S | H4: =INDEX(Szabaly!$B$2:$I$2,1,MATCH(G3&H3&I3,Szabaly!$B$1:$I$1,0)) -> S | I4: =INDEX(Szabaly!$B$2:$I$2,1,MATCH(H3&I3&J3,Szabaly!$B$1:$I$1,0)) -> S | ... BG4: =INDEX(Szabaly!$B$2:$I$2,1,MATCH(BF3&BG3&BH3,Szabaly!$B$1:$I$1,0)) -> S | BH4: S
A5: S | B5: =INDEX(Szabaly!$B$2:$I$2,1,MATCH(A4&B4&C4,Szabaly!$B$1:$I$1,0)) -> S | C5: =INDEX(Szabaly!$B$2:$I$2,1,MATCH(B4&C4&D4,Szabaly!$B$1:$I$1,0)) -> S | D5: =INDEX(Szabaly!$B$2:$I$2,1,MATCH(C4&D4&E4,Szabaly!$B$1:$I$1,0)) -> S | E5: =INDEX(Szabaly!$B$2:$I$2,1,MATCH(D4&E4&F4,Szabaly!$B$1:$I$1,0)) -> S | F5: =INDEX(Szabaly!$B$2:$I$2,1,MATCH(E4&F4&G4,Szabaly!$B$1:$I$1,0)) -> S | G5: =INDEX(Szabaly!$B$2:$I$2,1,MATCH(F4&G4&H4,Szabaly!$B$1:$I$1,0)) -> S | H5: =INDEX(Szabaly!$B$2:$I$2,1,MATCH(G4&H4&I4,Szabaly!$B$1:$I$1,0)) -> S | I5: =INDEX(Szabaly!$B$2:$I$2,1,MATCH(H4&I4&J4,Szabaly!$B$1:$I$1,0)) -> S | ... BG5: =INDEX(Szabaly!$B$2:$I$2,1,MATCH(BF4&BG4&BH4,Szabaly!$B$1:$I$1,0)) -> S | BH5: S
A6: S | B6: =INDEX(Szabaly!$B$2:$I$2,1,MATCH(A5&B5&C5,Szabaly!$B$1:$I$1,0)) -> S | C6: =INDEX(Szabaly!$B$2:$I$2,1,MATCH(B5&C5&D5,Szabaly!$B$1:$I$1,0)) -> S | D6: =INDEX(Szabaly!$B$2:$I$2,1,MATCH(C5&D5&E5,Szabaly!$B$1:$I$1,0)) -> S | E6: =INDEX(Szabaly!$B$2:$I$2,1,MATCH(D5&E5&F5,Szabaly!$B$1:$I$1,0)) -> S | F6: =INDEX(Szabaly!$B$2:$I$2,1,MATCH(E5&F5&G5,Szabaly!$B$1:$I$1,0)) -> S | G6: =INDEX(Szabaly!$B$2:$I$2,1,MATCH(F5&G5&H5,Szabaly!$B$1:$I$1,0)) -> S | H6: =INDEX(Szabaly!$B$2:$I$2,1,MATCH(G5&H5&I5,Szabaly!$B$1:$I$1,0)) -> S | I6: =INDEX(Szabaly!$B$2:$I$2,1,MATCH(H5&I5&J5,Szabaly!$B$1:$I$1,0)) -> S | ... BG6: =INDEX(Szabaly!$B$2:$I$2,1,MATCH(BF5&BG5&BH5,Szabaly!$B$1:$I$1,0)) -> S | BH6: S
A7: S | B7: =INDEX(Szabaly!$B$2:$I$2,1,MATCH(A6&B6&C6,Szabaly!$B$1:$I$1,0)) -> S | C7: =INDEX(Szabaly!$B$2:$I$2,1,MATCH(B6&C6&D6,Szabaly!$B$1:$I$1,0)) -> S | D7: =INDEX(Szabaly!$B$2:$I$2,1,MATCH(C6&D6&E6,Szabaly!$B$1:$I$1,0)) -> S | E7: =INDEX(Szabaly!$B$2:$I$2,1,MATCH(D6&E6&F6,Szabaly!$B$1:$I$1,0)) -> S | F7: =INDEX(Szabaly!$B$2:$I$2,1,MATCH(E6&F6&G6,Szabaly!$B$1:$I$1,0)) -> S | G7: =INDEX(Szabaly!$B$2:$I$2,1,MATCH(F6&G6&H6,Szabaly!$B$1:$I$1,0)) -> S | H7: =INDEX(Szabaly!$B$2:$I$2,1,MATCH(G6&H6&I6,Szabaly!$B$1:$I$1,0)) -> S | I7: =INDEX(Szabaly!$B$2:$I$2,1,MATCH(H6&I6&J6,Szabaly!$B$1:$I$1,0)) -> S | ... BG7: =INDEX(Szabaly!$B$2:$I$2,1,MATCH(BF6&BG6&BH6,Szabaly!$B$1:$I$1,0)) -> S | BH7: S
A8: S | B8: =INDEX(Szabaly!$B$2:$I$2,1,MATCH(A7&B7&C7,Szabaly!$B$1:$I$1,0)) -> S | C8: =INDEX(Szabaly!$B$2:$I$2,1,MATCH(B7&C7&D7,Szabaly!$B$1:$I$1,0)) -> S | D8: =INDEX(Szabaly!$B$2:$I$2,1,MATCH(C7&D7&E7,Szabaly!$B$1:$I$1,0)) -> S | E8: =INDEX(Szabaly!$B$2:$I$2,1,MATCH(D7&E7&F7,Szabaly!$B$1:$I$1,0)) -> S | F8: =INDEX(Szabaly!$B$2:$I$2,1,MATCH(E7&F7&G7,Szabaly!$B$1:$I$1,0)) -> S | G8: =INDEX(Szabaly!$B$2:$I$2,1,MATCH(F7&G7&H7,Szabaly!$B$1:$I$1,0)) -> S | H8: =INDEX(Szabaly!$B$2:$I$2,1,MATCH(G7&H7&I7,Szabaly!$B$1:$I$1,0)) -> S | I8: =INDEX(Szabaly!$B$2:$I$2,1,MATCH(H7&I7&J7,Szabaly!$B$1:$I$1,0)) -> S | ... BG8: =INDEX(Szabaly!$B$2:$I$2,1,MATCH(BF7&BG7&BH7,Szabaly!$B$1:$I$1,0)) -> S | BH8: S
A9: S | B9: =INDEX(Szabaly!$B$2:$I$2,1,MATCH(A8&B8&C8,Szabaly!$B$1:$I$1,0)) -> S | C9: =INDEX(Szabaly!$B$2:$I$2,1,MATCH(B8&C8&D8,Szabaly!$B$1:$I$1,0)) -> S | D9: =INDEX(Szabaly!$B$2:$I$2,1,MATCH(C8&D8&E8,Szabaly!$B$1:$I$1,0)) -> S | E9: =INDEX(Szabaly!$B$2:$I$2,1,MATCH(D8&E8&F8,Szabaly!$B$1:$I$1,0)) -> S | F9: =INDEX(Szabaly!$B$2:$I$2,1,MATCH(E8&F8&G8,Szabaly!$B$1:$I$1,0)) -> S | G9: =INDEX(Szabaly!$B$2:$I$2,1,MATCH(F8&G8&H8,Szabaly!$B$1:$I$1,0)) -> S | H9: =INDEX(Szabaly!$B$2:$I$2,1,MATCH(G8&H8&I8,Szabaly!$B$1:$I$1,0)) -> S | I9: =INDEX(Szabaly!$B$2:$I$2,1,MATCH(H8&I8&J8,Szabaly!$B$1:$I$1,0)) -> S | ... BG9: =INDEX(Szabaly!$B$2:$I$2,1,MATCH(BF8&BG8&BH8,Szabaly!$B$1:$I$1,0)) -> S | BH9: S
A10: S | B10: =INDEX(Szabaly!$B$2:$I$2,1,MATCH(A9&B9&C9,Szabaly!$B$1:$I$1,0)) -> S | C10: =INDEX(Szabaly!$B$2:$I$2,1,MATCH(B9&C9&D9,Szabaly!$B$1:$I$1,0)) -> S | D10: =INDEX(Szabaly!$B$2:$I$2,1,MATCH(C9&D9&E9,Szabaly!$B$1:$I$1,0)) -> S | E10: =INDEX(Szabaly!$B$2:$I$2,1,MATCH(D9&E9&F9,Szabaly!$B$1:$I$1,0)) -> S | F10: =INDEX(Szabaly!$B$2:$I$2,1,MATCH(E9&F9&G9,Szabaly!$B$1:$I$1,0)) -> S | G10: =INDEX(Szabaly!$B$2:$I$2,1,MATCH(F9&G9&H9,Szabaly!$B$1:$I$1,0)) -> S | H10: =INDEX(Szabaly!$B$2:$I$2,1,MATCH(G9&H9&I9,Szabaly!$B$1:$I$1,0)) -> S | I10: =INDEX(Szabaly!$B$2:$I$2,1,MATCH(H9&I9&J9,Szabaly!$B$1:$I$1,0)) -> S | ... BG10: =INDEX(Szabaly!$B$2:$I$2,1,MATCH(BF9&BG9&BH9,Szabaly!$B$1:$I$1,0)) -> S | BH10: S
A11: S | B11: =INDEX(Szabaly!$B$2:$I$2,1,MATCH(A10&B10&C10,Szabaly!$B$1:$I$1,0)) -> S | C11: =INDEX(Szabaly!$B$2:$I$2,1,MATCH(B10&C10&D10,Szabaly!$B$1:$I$1,0)) -> S | D11: =INDEX(Szabaly!$B$2:$I$2,1,MATCH(C10&D10&E10,Szabaly!$B$1:$I$1,0)) -> S | E11: =INDEX(Szabaly!$B$2:$I$2,1,MATCH(D10&E10&F10,Szabaly!$B$1:$I$1,0)) -> S | F11: =INDEX(Szabaly!$B$2:$I$2,1,MATCH(E10&F10&G10,Szabaly!$B$1:$I$1,0)) -> S | G11: =INDEX(Szabaly!$B$2:$I$2,1,MATCH(F10&G10&H10,Szabaly!$B$1:$I$1,0)) -> S | H11: =INDEX(Szabaly!$B$2:$I$2,1,MATCH(G10&H10&I10,Szabaly!$B$1:$I$1,0)) -> S | I11: =INDEX(Szabaly!$B$2:$I$2,1,MATCH(H10&I10&J10,Szabaly!$B$1:$I$1,0)) -> S | ... BG11: =INDEX(Szabaly!$B$2:$I$2,1,MATCH(BF10&BG10&BH10,Szabaly!$B$1:$I$1,0)) -> S | BH11: S
A12: S | B12: =INDEX(Szabaly!$B$2:$I$2,1,MATCH(A11&B11&C11,Szabaly!$B$1:$I$1,0)) -> S | C12: =INDEX(Szabaly!$B$2:$I$2,1,MATCH(B11&C11&D11,Szabaly!$B$1:$I$1,0)) -> S | D12: =INDEX(Szabaly!$B$2:$I$2,1,MATCH(C11&D11&E11,Szabaly!$B$1:$I$1,0)) -> S | E12: =INDEX(Szabaly!$B$2:$I$2,1,MATCH(D11&E11&F11,Szabaly!$B$1:$I$1,0)) -> S | F12: =INDEX(Szabaly!$B$2:$I$2,1,MATCH(E11&F11&G11,Szabaly!$B$1:$I$1,0)) -> S | G12: =INDEX(Szabaly!$B$2:$I$2,1,MATCH(F11&G11&H11,Szabaly!$B$1:$I$1,0)) -> S | H12: =INDEX(Szabaly!$B$2:$I$2,1,MATCH(G11&H11&I11,Szabaly!$B$1:$I$1,0)) -> S | I12: =INDEX(Szabaly!$B$2:$I$2,1,MATCH(H11&I11&J11,Szabaly!$B$1:$I$1,0)) -> S | ... BG12: =INDEX(Szabaly!$B$2:$I$2,1,MATCH(BF11&BG11&BH11,Szabaly!$B$1:$I$1,0)) -> S | BH12: S
A13: S | B13: =INDEX(Szabaly!$B$2:$I$2,1,MATCH(A12&B12&C12,Szabaly!$B$1:$I$1,0)) -> S | C13: =INDEX(Szabaly!$B$2:$I$2,1,MATCH(B12&C12&D12,Szabaly!$B$1:$I$1,0)) -> S | D13: =INDEX(Szabaly!$B$2:$I$2,1,MATCH(C12&D12&E12,Szabaly!$B$1:$I$1,0)) -> S | E13: =INDEX(Szabaly!$B$2:$I$2,1,MATCH(D12&E12&F12,Szabaly!$B$1:$I$1,0)) -> S | F13: =INDEX(Szabaly!$B$2:$I$2,1,MATCH(E12&F12&G12,Szabaly!$B$1:$I$1,0)) -> S | G13: =INDEX(Szabaly!$B$2:$I$2,1,MATCH(F12&G12&H12,Szabaly!$B$1:$I$1,0)) -> S | H13: =INDEX(Szabaly!$B$2:$I$2,1,MATCH(G12&H12&I12,Szabaly!$B$1:$I$1,0)) -> S | I13: =INDEX(Szabaly!$B$2:$I$2,1,MATCH(H12&I12&J12,Szabaly!$B$1:$I$1,0)) -> S | ... BG13: =INDEX(Szabaly!$B$2:$I$2,1,MATCH(BF12&BG12&BH12,Szabaly!$B$1:$I$1,0)) -> S | BH13: S
... A60: S | B60: =INDEX(Szabaly!$B$2:$I$2,1,MATCH(A59&B59&C59,Szabaly!$B$1:$I$1,0)) -> S | C60: =INDEX(Szabaly!$B$2:$I$2,1,MATCH(B59&C59&D59,Szabaly!$B$1:$I$1,0)) -> F | D60: =INDEX(Szabaly!$B$2:$I$2,1,MATCH(C59&D59&E59,Szabaly!$B$1:$I$1,0)) -> S | E60: =INDEX(Szabaly!$B$2:$I$2,1,MATCH(D59&E59&F59,Szabaly!$B$1:$I$1,0)) -> F | F60: =INDEX(Szabaly!$B$2:$I$2,1,MATCH(E59&F59&G59,Szabaly!$B$1:$I$1,0)) -> S | G60: =INDEX(Szabaly!$B$2:$I$2,1,MATCH(F59&G59&H59,Szabaly!$B$1:$I$1,0)) -> F | H60: =INDEX(Szabaly!$B$2:$I$2,1,MATCH(G59&H59&I59,Szabaly!$B$1:$I$1,0)) -> S | I60: =INDEX(Szabaly!$B$2:$I$2,1,MATCH(H59&I59&J59,Szabaly!$B$1:$I$1,0)) -> S | ... BG60: =INDEX(Szabaly!$B$2:$I$2,1,MATCH(BF59&BG59&BH59,Szabaly!$B$1:$I$1,0)) -> S | BH60: S

Sheet Munkalap3
A1: S | B1: S | C1: S | D1: S | E1: S | F1: S | G1: S | H1: S | I1: S | J1: S | K1: S | L1: S | M1: S | N1: S | O1: S | P1: S | Q1: S | R1: S | S1: S | T1: S | U1: S | V1: S | W1: S | X1: S | Y1: S | Z1: S | AA1: S | AB1: S | AC1: S | AD1: F | AE1: S | AF1: S | AG1: S | AH1: S | AI1: S | AJ1: S | AK1: S | AL1: S | AM1: S | AN1: S | AO1: S | AP1: S | AQ1: S | AR1: S | AS1: S | AT1: S | AU1: S | AV1: S | AW1: S | AX1: S | AY1: S | AZ1: S | BA1: S | BB1: S | BC1: S | BD1: S | BE1: S | BF1: S | BG1: S | BH1: S
A2: S | B2: =INDEX(Szabaly!$B$3:$I$3,1,MATCH(A1&B1&C1,Szabaly!$B$1:$I$1,0)) -> F | C2: =INDEX(Szabaly!$B$3:$I$3,1,MATCH(B1&C1&D1,Szabaly!$B$1:$I$1,0)) -> F | D2: =INDEX(Szabaly!$B$3:$I$3,1,MATCH(C1&D1&E1,Szabaly!$B$1:$I$1,0)) -> F | E2: =INDEX(Szabaly!$B$3:$I$3,1,MATCH(D1&E1&F1,Szabaly!$B$1:$I$1,0)) -> F | F2: =INDEX(Szabaly!$B$3:$I$3,1,MATCH(E1&F1&G1,Szabaly!$B$1:$I$1,0)) -> F | G2: =INDEX(Szabaly!$B$3:$I$3,1,MATCH(F1&G1&H1,Szabaly!$B$1:$I$1,0)) -> F | H2: =INDEX(Szabaly!$B$3:$I$3,1,MATCH(G1&H1&I1,Szabaly!$B$1:$I$1,0)) -> F | I2: =INDEX(Szabaly!$B$3:$I$3,1,MATCH(H1&I1&J1,Szabaly!$B$1:$I$1,0)) -> F | ... BH2: =INDEX(Szabaly!$B$3:$I$3,1,MATCH(BG1&BH1&BI1,Szabaly!$B$1:$I$1,0)) -> #N/A
A3: S | B3: =INDEX(Szabaly!$B$3:$I$3,1,MATCH(A2&B2&C2,Szabaly!$B$1:$I$1,0)) -> F | C3: =INDEX(Szabaly!$B$3:$I$3,1,MATCH(B2&C2&D2,Szabaly!$B$1:$I$1,0)) -> #N/A | D3: =INDEX(Szabaly!$B$3:$I$3,1,MATCH(C2&D2&E2,Szabaly!$B$1:$I$1,0)) -> #N/A | E3: =INDEX(Szabaly!$B$3:$I$3,1,MATCH(D2&E2&F2,Szabaly!$B$1:$I$1,0)) -> #N/A | F3: =INDEX(Szabaly!$B$3:$I$3,1,MATCH(E2&F2&G2,Szabaly!$B$1:$I$1,0)) -> #N/A | G3: =INDEX(Szabaly!$B$3:$I$3,1,MATCH(F2&G2&H2,Szabaly!$B$1:$I$1,0)) -> #N/A | H3: =INDEX(Szabaly!$B$3:$I$3,1,MATCH(G2&H2&I2,Szabaly!$B$1:$I$1,0)) -> #N/A | I3: =INDEX(Szabaly!$B$3:$I$3,1,MATCH(H2&I2&J2,Szabaly!$B$1:$I$1,0)) -> #N/A | ... BH3: =INDEX(Szabaly!$B$3:$I$3,1,MATCH(BG2&BH2&BI2,Szabaly!$B$1:$I$1,0)) -> #N/A
A4: S | B4: =INDEX(Szabaly!$B$3:$I$3,1,MATCH(A3&B3&C3,Szabaly!$B$1:$I$1,0)) -> #N/A | C4: =INDEX(Szabaly!$B$3:$I$3,1,MATCH(B3&C3&D3,Szabaly!$B$1:$I$1,0)) -> #N/A | D4: =INDEX(Szabaly!$B$3:$I$3,1,MATCH(C3&D3&E3,Szabaly!$B$1:$I$1,0)) -> #N/A | E4: =INDEX(Szabaly!$B$3:$I$3,1,MATCH(D3&E3&F3,Szabaly!$B$1:$I$1,0)) -> #N/A | F4: =INDEX(Szabaly!$B$3:$I$3,1,MATCH(E3&F3&G3,Szabaly!$B$1:$I$1,0)) -> #N/A | G4: =INDEX(Szabaly!$B$3:$I$3,1,MATCH(F3&G3&H3,Szabaly!$B$1:$I$1,0)) -> #N/A | H4: =INDEX(Szabaly!$B$3:$I$3,1,MATCH(G3&H3&I3,Szabaly!$B$1:$I$1,0)) -> #N/A | I4: =INDEX(Szabaly!$B$3:$I$3,1,MATCH(H3&I3&J3,Szabaly!$B$1:$I$1,0)) -> #N/A | ... BH4: =INDEX(Szabaly!$B$3:$I$3,1,MATCH(BG3&BH3&BI3,Szabaly!$B$1:$I$1,0)) -> #N/A
A5: S | B5: =INDEX(Szabaly!$B$3:$I$3,1,MATCH(A4&B4&C4,Szabaly!$B$1:$I$1,0)) -> #N/A | C5: =INDEX(Szabaly!$B$3:$I$3,1,MATCH(B4&C4&D4,Szabaly!$B$1:$I$1,0)) -> #N/A | D5: =INDEX(Szabaly!$B$3:$I$3,1,MATCH(C4&D4&E4,Szabaly!$B$1:$I$1,0)) -> #N/A | E5: =INDEX(Szabaly!$B$3:$I$3,1,MATCH(D4&E4&F4,Szabaly!$B$1:$I$1,0)) -> #N/A | F5: =INDEX(Szabaly!$B$3:$I$3,1,MATCH(E4&F4&G4,Szabaly!$B$1:$I$1,0)) -> #N/A | G5: =INDEX(Szabaly!$B$3:$I$3,1,MATCH(F4&G4&H4,Szabaly!$B$1:$I$1,0)) -> #N/A | H5: =INDEX(Szabaly!$B$3:$I$3,1,MATCH(G4&H4&I4,Szabaly!$B$1:$I$1,0)) -> #N/A | I5: =INDEX(Szabaly!$B$3:$I$3,1,MATCH(H4&I4&J4,Szabaly!$B$1:$I$1,0)) -> #N/A | ... BH5: =INDEX(Szabaly!$B$3:$I$3,1,MATCH(BG4&BH4&BI4,Szabaly!$B$1:$I$1,0)) -> #N/A
A6: S | B6: =INDEX(Szabaly!$B$3:$I$3,1,MATCH(A5&B5&C5,Szabaly!$B$1:$I$1,0)) -> #N/A | C6: =INDEX(Szabaly!$B$3:$I$3,1,MATCH(B5&C5&D5,Szabaly!$B$1:$I$1,0)) -> #N/A | D6: =INDEX(Szabaly!$B$3:$I$3,1,MATCH(C5&D5&E5,Szabaly!$B$1:$I$1,0)) -> #N/A | E6: =INDEX(Szabaly!$B$3:$I$3,1,MATCH(D5&E5&F5,Szabaly!$B$1:$I$1,0)) -> #N/A | F6: =INDEX(Szabaly!$B$3:$I$3,1,MATCH(E5&F5&G5,Szabaly!$B$1:$I$1,0)) -> #N/A | G6: =INDEX(Szabaly!$B$3:$I$3,1,MATCH(F5&G5&H5,Szabaly!$B$1:$I$1,0)) -> #N/A | H6: =INDEX(Szabaly!$B$3:$I$3,1,MATCH(G5&H5&I5,Szabaly!$B$1:$I$1,0)) -> #N/A | I6: =INDEX(Szabaly!$B$3:$I$3,1,MATCH(H5&I5&J5,Szabaly!$B$1:$I$1,0)) -> #N/A | ... BH6: =INDEX(Szabaly!$B$3:$I$3,1,MATCH(BG5&BH5&BI5,Szabaly!$B$1:$I$1,0)) -> #N/A
A7: S | B7: =INDEX(Szabaly!$B$3:$I$3,1,MATCH(A6&B6&C6,Szabaly!$B$1:$I$1,0)) -> #N/A | C7: =INDEX(Szabaly!$B$3:$I$3,1,MATCH(B6&C6&D6,Szabaly!$B$1:$I$1,0)) -> #N/A | D7: =INDEX(Szabaly!$B$3:$I$3,1,MATCH(C6&D6&E6,Szabaly!$B$1:$I$1,0)) -> #N/A | E7: =INDEX(Szabaly!$B$3:$I$3,1,MATCH(D6&E6&F6,Szabaly!$B$1:$I$1,0)) -> #N/A | F7: =INDEX(Szabaly!$B$3:$I$3,1,MATCH(E6&F6&G6,Szabaly!$B$1:$I$1,0)) -> #N/A | G7: =INDEX(Szabaly!$B$3:$I$3,1,MATCH(F6&G6&H6,Szabaly!$B$1:$I$1,0)) -> #N/A | H7: =INDEX(Szabaly!$B$3:$I$3,1,MATCH(G6&H6&I6,Szabaly!$B$1:$I$1,0)) -> #N/A | I7: =INDEX(Szabaly!$B$3:$I$3,1,MATCH(H6&I6&J6,Szabaly!$B$1:$I$1,0)) -> #N/A | ... BH7: =INDEX(Szabaly!$B$3:$I$3,1,MATCH(BG6&BH6&BI6,Szabaly!$B$1:$I$1,0)) -> #N/A
A8: S | B8: =INDEX(Szabaly!$B$3:$I$3,1,MATCH(A7&B7&C7,Szabaly!$B$1:$I$1,0)) -> #N/A | C8: =INDEX(Szabaly!$B$3:$I$3,1,MATCH(B7&C7&D7,Szabaly!$B$1:$I$1,0)) -> #N/A | D8: =INDEX(Szabaly!$B$3:$I$3,1,MATCH(C7&D7&E7,Szabaly!$B$1:$I$1,0)) -> #N/A | E8: =INDEX(Szabaly!$B$3:$I$3,1,MATCH(D7&E7&F7,Szabaly!$B$1:$I$1,0)) -> #N/A | F8: =INDEX(Szabaly!$B$3:$I$3,1,MATCH(E7&F7&G7,Szabaly!$B$1:$I$1,0)) -> #N/A | G8: =INDEX(Szabaly!$B$3:$I$3,1,MATCH(F7&G7&H7,Szabaly!$B$1:$I$1,0)) -> #N/A | H8: =INDEX(Szabaly!$B$3:$I$3,1,MATCH(G7&H7&I7,Szabaly!$B$1:$I$1,0)) -> #N/A | I8: =INDEX(Szabaly!$B$3:$I$3,1,MATCH(H7&I7&J7,Szabaly!$B$1:$I$1,0)) -> #N/A | ... BH8: =INDEX(Szabaly!$B$3:$I$3,1,MATCH(BG7&BH7&BI7,Szabaly!$B$1:$I$1,0)) -> #N/A
A9: S | B9: =INDEX(Szabaly!$B$3:$I$3,1,MATCH(A8&B8&C8,Szabaly!$B$1:$I$1,0)) -> #N/A | C9: =INDEX(Szabaly!$B$3:$I$3,1,MATCH(B8&C8&D8,Szabaly!$B$1:$I$1,0)) -> #N/A | D9: =INDEX(Szabaly!$B$3:$I$3,1,MATCH(C8&D8&E8,Szabaly!$B$1:$I$1,0)) -> #N/A | E9: =INDEX(Szabaly!$B$3:$I$3,1,MATCH(D8&E8&F8,Szabaly!$B$1:$I$1,0)) -> #N/A | F9: =INDEX(Szabaly!$B$3:$I$3,1,MATCH(E8&F8&G8,Szabaly!$B$1:$I$1,0)) -> #N/A | G9: =INDEX(Szabaly!$B$3:$I$3,1,MATCH(F8&G8&H8,Szabaly!$B$1:$I$1,0)) -> #N/A | H9: =INDEX(Szabaly!$B$3:$I$3,1,MATCH(G8&H8&I8,Szabaly!$B$1:$I$1,0)) -> #N/A | I9: =INDEX(Szabaly!$B$3:$I$3,1,MATCH(H8&I8&J8,Szabaly!$B$1:$I$1,0)) -> #N/A | ... BH9: =INDEX(Szabaly!$B$3:$I$3,1,MATCH(BG8&BH8&BI8,Szabaly!$B$1:$I$1,0)) -> #N/A
A10: S | B10: =INDEX(Szabaly!$B$3:$I$3,1,MATCH(A9&B9&C9,Szabaly!$B$1:$I$1,0)) -> #N/A | C10: =INDEX(Szabaly!$B$3:$I$3,1,MATCH(B9&C9&D9,Szabaly!$B$1:$I$1,0)) -> #N/A | D10: =INDEX(Szabaly!$B$3:$I$3,1,MATCH(C9&D9&E9,Szabaly!$B$1:$I$1,0)) -> #N/A | E10: =INDEX(Szabaly!$B$3:$I$3,1,MATCH(D9&E9&F9,Szabaly!$B$1:$I$1,0)) -> #N/A | F10: =INDEX(Szabaly!$B$3:$I$3,1,MATCH(E9&F9&G9,Szabaly!$B$1:$I$1,0)) -> #N/A | G10: =INDEX(Szabaly!$B$3:$I$3,1,MATCH(F9&G9&H9,Szabaly!$B$1:$I$1,0)) -> #N/A | H10: =INDEX(Szabaly!$B$3:$I$3,1,MATCH(G9&H9&I9,Szabaly!$B$1:$I$1,0)) -> #N/A | I10: =INDEX(Szabaly!$B$3:$I$3,1,MATCH(H9&I9&J9,Szabaly!$B$1:$I$1,0)) -> #N/A | ... BH10: =INDEX(Szabaly!$B$3:$I$3,1,MATCH(BG9&BH9&BI9,Szabaly!$B$1:$I$1,0)) -> #N/A
A11: S | B11: =INDEX(Szabaly!$B$3:$I$3,1,MATCH(A10&B10&C10,Szabaly!$B$1:$I$1,0)) -> #N/A | C11: =INDEX(Szabaly!$B$3:$I$3,1,MATCH(B10&C10&D10,Szabaly!$B$1:$I$1,0)) -> #N/A | D11: =INDEX(Szabaly!$B$3:$I$3,1,MATCH(C10&D10&E10,Szabaly!$B$1:$I$1,0)) -> #N/A | E11: =INDEX(Szabaly!$B$3:$I$3,1,MATCH(D10&E10&F10,Szabaly!$B$1:$I$1,0)) -> #N/A | F11: =INDEX(Szabaly!$B$3:$I$3,1,MATCH(E10&F10&G10,Szabaly!$B$1:$I$1,0)) -> #N/A | G11: =INDEX(Szabaly!$B$3:$I$3,1,MATCH(F10&G10&H10,Szabaly!$B$1:$I$1,0)) -> #N/A | H11: =INDEX(Szabaly!$B$3:$I$3,1,MATCH(G10&H10&I10,Szabaly!$B$1:$I$1,0)) -> #N/A | I11: =INDEX(Szabaly!$B$3:$I$3,1,MATCH(H10&I10&J10,Szabaly!$B$1:$I$1,0)) -> #N/A | ... BH11: =INDEX(Szabaly!$B$3:$I$3,1,MATCH(BG10&BH10&BI10,Szabaly!$B$1:$I$1,0)) -> #N/A
A12: S | B12: =INDEX(Szabaly!$B$3:$I$3,1,MATCH(A11&B11&C11,Szabaly!$B$1:$I$1,0)) -> #N/A | C12: =INDEX(Szabaly!$B$3:$I$3,1,MATCH(B11&C11&D11,Szabaly!$B$1:$I$1,0)) -> #N/A | D12: =INDEX(Szabaly!$B$3:$I$3,1,MATCH(C11&D11&E11,Szabaly!$B$1:$I$1,0)) -> #N/A | E12: =INDEX(Szabaly!$B$3:$I$3,1,MATCH(D11&E11&F11,Szabaly!$B$1:$I$1,0)) -> #N/A | F12: =INDEX(Szabaly!$B$3:$I$3,1,MATCH(E11&F11&G11,Szabaly!$B$1:$I$1,0)) -> #N/A | G12: =INDEX(Szabaly!$B$3:$I$3,1,MATCH(F11&G11&H11,Szabaly!$B$1:$I$1,0)) -> #N/A | H12: =INDEX(Szabaly!$B$3:$I$3,1,MATCH(G11&H11&I11,Szabaly!$B$1:$I$1,0)) -> #N/A | I12: =INDEX(Szabaly!$B$3:$I$3,1,MATCH(H11&I11&J11,Szabaly!$B$1:$I$1,0)) -> #N/A | ... BH12: =INDEX(Szabaly!$B$3:$I$3,1,MATCH(BG11&BH11&BI11,Szabaly!$B$1:$I$1,0)) -> #N/A
A13: S | B13: =INDEX(Szabaly!$B$3:$I$3,1,MATCH(A12&B12&C12,Szabaly!$B$1:$I$1,0)) -> #N/A | C13: =INDEX(Szabaly!$B$3:$I$3,1,MATCH(B12&C12&D12,Szabaly!$B$1:$I$1,0)) -> #N/A | D13: =INDEX(Szabaly!$B$3:$I$3,1,MATCH(C12&D12&E12,Szabaly!$B$1:$I$1,0)) -> #N/A | E13: =INDEX(Szabaly!$B$3:$I$3,1,MATCH(D12&E12&F12,Szabaly!$B$1:$I$1,0)) -> #N/A | F13: =INDEX(Szabaly!$B$3:$I$3,1,MATCH(E12&F12&G12,Szabaly!$B$1:$I$1,0)) -> #N/A | G13: =INDEX(Szabaly!$B$3:$I$3,1,MATCH(F12&G12&H12,Szabaly!$B$1:$I$1,0)) -> #N/A | H13: =INDEX(Szabaly!$B$3:$I$3,1,MATCH(G12&H12&I12,Szabaly!$B$1:$I$1,0)) -> #N/A | I13: =INDEX(Szabaly!$B$3:$I$3,1,MATCH(H12&I12&J12,Szabaly!$B$1:$I$1,0)) -> #N/A | ... BH13: =INDEX(Szabaly!$B$3:$I$3,1,MATCH(BG12&BH12&BI12,Szabaly!$B$1:$I$1,0)) -> #N/A
... A60: S | B60: =INDEX(Szabaly!$B$3:$I$3,1,MATCH(A59&B59&C59,Szabaly!$B$1:$I$1,0)) -> #N/A | C60: =INDEX(Szabaly!$B$3:$I$3,1,MATCH(B59&C59&D59,Szabaly!$B$1:$I$1,0)) -> #N/A | D60: =INDEX(Szabaly!$B$3:$I$3,1,MATCH(C59&D59&E59,Szabaly!$B$1:$I$1,0)) -> #N/A | E60: =INDEX(Szabaly!$B$3:$I$3,1,MATCH(D59&E59&F59,Szabaly!$B$1:$I$1,0)) -> #N/A | F60: =INDEX(Szabaly!$B$3:$I$3,1,MATCH(E59&F59&G59,Szabaly!$B$1:$I$1,0)) -> #N/A | G60: =INDEX(Szabaly!$B$3:$I$3,1,MATCH(F59&G59&H59,Szabaly!$B$1:$I$1,0)) -> #N/A | H60: =INDEX(Szabaly!$B$3:$I$3,1,MATCH(G59&H59&I59,Szabaly!$B$1:$I$1,0)) -> #N/A | I60: =INDEX(Szabaly!$B$3:$I$3,1,MATCH(H59&I59&J59,Szabaly!$B$1:$I$1,0)) -> #N/A | ... BH60: =INDEX(Szabaly!$B$3:$I$3,1,MATCH(BG59&BH59&BI59,Szabaly!$B$1:$I$1,0)) -> #N/A
